Week of Aug. 11	Faculty/Staff Meetings/Inservices (Thursday and Friday)

Week of Aug. 18	Student Orientations (faculty should be available to help if asked); Senior
			Retreat

Week of Aug. 25	5-Day Week (Days 1, 2, 3, 4, and 5) - Student Late Start Wednesday

Week of Sept. 1	4-Day Week (No school Monday - Days 6, 1, 2, and 3) - No Student Late
Start

Week of Sept. 8	5-Day Week (Days 4, 5, 6, 1, and 2) - Student Late Start Wednesday; 9th 
			Grade Retreat Wednesday - Friday

Week of Sept. 15	5-Day Week (Days 3, 4, 5, 6, and 1) - 7th Grade Retreat Wednesday - 
			Friday. Student Late Start Wednesday

Week of Sept. 22 	4-Day Week (Days 2, 3, 4, and 5) - No School Tuesday, Rosh Hashanah,
			Special Schedule Monday (Big Windward Read)

Week of Sept. 29	4 Day Week (Days 6, 1, 2, and 3) - No School Thursday, Yom Kippur,
Back to School Night Tuesday, No Student Late Start	

Week of Oct. 6	5-Day Week (Days 4, 5, 6, 1, and 2) - Student Late Start Wednesday

Week of Oct. 13	5-Day Week (Days 3, 4, 5, 6, and 1) - Student Late Start Wednesday
			Special Schedule Wednesday - Prospective Student Open House

Week of Oct. 20	4-Day Week (Days 2, 3, 4, and 5) - No school Monday. No Student Late
			Start Wednesday

Week of Oct. 27	5-Day Week (Days 6, 1, 2, 3 and 4) - Student Late Start Wednesday

Week of Nov. 3	4-Day Week (Days 5, 6, 1, and 2; End of grading period on Thurs.)
No Student Late Start, Faculty Inservice on Friday (no classes)
Week of Nov. 10	5-Day Week (Days 3, 4, 5, 6, and 1);  Late Start Wed.; Special Schedule
			Tuesday - Prospective Student Open House

Week of Nov. 17	5-Day Week (Days 2, 3, 4, 5, and 6); Junior College Trip (Nov. 17 - 22)
			Late Start Wed.

Week of Nov. 24	No School - Thanksgiving Break

Week of Dec. 1	5 Day Week (Days 1, 2, 3, 4, and 5); Student Late Start Wed.

Week of Dec. 8	5-Day Week (Days 6, 1, 2, 3, and 4); Special Schedule Wed. and Thurs. - 
			Parent/Guardian Conferences

Week of Dec. 15	5-Day Week (Days 5, 6. 1, 2, and 3); Special Schedule Friday (Alumni
Lunch); Special Schedule Tues. and Wed. Parent/Guardian Conferences

Week of Dec. 22	No School - Winter Break

Week of Dec. 29	No School - Winter Break

Week of Jan. 5	5-Day Week (Days 4, 5, 6, 1, and 2) - Student Late Start Wednesday.

Week of Jan. 12	4-Day Week (Days 3, 4, 5, and 6) - No Student Late Start - Inservice 
Friday

Week of Jan. 19	4-Day Week (No school Monday - MLK Day, Days 1, 2. 3, and 4) - No
Student Late Start

Week of Jan. 26	5-Day Week (Days 5, 6, 1, 2, and 3) - Special Schedule Friday (Founders’
Day) - Student Late Start Wed.

Week of Feb. 2	5-Day Week (Days 4. 5, 6, 1, and 2) - Student Late Start Wednesday

Week of Feb. 9	5-Day Week (Days 3, 4, 5, 6, and 1) - Student Late Start Wednesday	

Week of Feb. 16	No School - Presidents’ Break

Week of Feb. 23	5-Day Week (Days 2, 3, 4, 5, and 6) - Student Late Start Wednesday

Week of Mar. 2	5-Day Week (Days 1, 2, 3, 4, and 5); End of Grading Period Friday - Late
Start Wednesday

Week of Mar. 9	5-Day Week - (Days 6, 1, 2, 3, and 4) - Student Late Start Wednesday; 

Week of Mar. 16	5-Day Week - (Days 5, 6, 1, 2, and 3) - Student Late Start Wednesday; 

Week of Mar. 23	No School - Spring Break

Week of Mar. 30	No School - Spring Break

Week of Apr. 6		5-Day Week - (Days 4, 5, 6, 1, and 2) - Student Late Start Wednesday

Week of Apr. 13	5-Day Week - (Days 3, 4, 5, 6, and 1) - Student Late Start Wednesday;
			8th Grade Minimester Trips, Tuesday - Friday

Week of Apr. 20	5-Day Week - (Days 2, 3, 4, 5, and 6) - Student Late Start Wednesday

Week of April 27	5-Day Week - (Days 1, 2, 3, 4, and 5) - Student Late Start Wednesday

Week of May 4	5-Day Week -  (Days 6, 1, 2, 3, and 4) - AP’s - Student Late Start 
Wednesday

Week of May 11	5-Day Week - (Days 5, 6, 1, 2, and 3) - AP’s - Student Late Start 
Wednesday

Week of May 18	5-Day Week Schedule (Days 4, 5, 6, 1 and 2); Student Late Start Wed.

Week of May 25	3-Day Week (Days 3, 4, and 5 only); Graduation on Thursday, no classes 
			Monday (Memorial Day) and Thursday (Graduation), Days 3 and 4 (WL 
Written and History Assessments only), Day 5 (WL Oral and English Assessments Only)

Week of June 1	Day 6 on Monday (WL Oral and English Assessments Only), 
Science Final on Tuesday (no classes), Math Final on Wednesday (no classes), Grading Day on Thursday (no classes), Last Day of School (morning) and Faculty Meeting (afternoon) on Friday







